Bitmotive|3333 W Kennedy Blvd, STE 150|Kheyra|Santos|8135555555

Full30 / FHH Ventures|Full30 / FHH Ventures|3030 N Rocky Point Dr W Ste 150|Kheyra|Santos|8138164810

tech@bitmotive.com|RE Factor Tactical|1800 W. Oxford Ave, Unit G|RE|Tactical|7203074968

|Bitmotive|3333 W Kennedy Blvd, STE 150|Kheyra|Santos|8135555555

|Bitmotive|3333 W Kennedy Blvd, STE 150|Kheyra|Santos|8135555555

|Bitmotive|3333 W Kennedy Blvd, STE 150|Kheyra|Santos|8135555555

|Bitmotive|3333 W Kennedy Blvd, STE 150|Kheyra|Santos|8135555555

kheyra@bitmotive.com|Bitmotive|3333 W Kennedy Blvd, STE 150|Kheyra|Santos|8135555555

tech@bitmotive.com|RE Factor Tactical|1800 W. Oxford Ave, Unit G|RE|Tactical|7203074968

admin@bitmotive.com|RE Factor Tactical|1800 W. Oxford Ave, Unit G|RE|Tactical|7203074968

